{"cameraMode":{"drawMode":0,"name":"Shaded","section":"Shading Mode"},"sceneLighting":false,"audioPlay":false,"sceneViewState":{"showFog":true,"showMaterialUpdate":false,"showSkybox":false,"showFlares":true,"showImageEffects":true,"showParticleSystems":true},"in2DMode":false,"pivot":{"x":2.9802322387695315e-8,"y":0.919269859790802,"z":-0.2983677089214325},"rotation":{"x":0.2836441397666931,"y":0.05031465366482735,"z":-0.014905004762113095,"w":0.9574935436248779},"size":1.5490175485610963,"orthographic":true}