{"cameraMode":{"drawMode":0,"name":"Shaded","section":"Shading Mode"},"sceneLighting":false,"audioPlay":false,"sceneViewState":{"showFog":true,"showMaterialUpdate":false,"showSkybox":false,"showFlares":true,"showImageEffects":true,"showParticleSystems":true},"in2DMode":false,"pivot":{"x":0.06300000846385956,"y":0.06599998474121094,"z":1.066999912261963},"rotation":{"x":0.33993297815322878,"y":-0.3210366666316986,"z":0.12471256405115128,"w":0.875136137008667},"size":1.2247449159622193,"orthographic":true}