{"cameraMode":{"drawMode":0,"name":"Shaded","section":"Shading Mode"},"sceneLighting":true,"audioPlay":false,"sceneViewState":{"showFog":true,"showMaterialUpdate":false,"showSkybox":true,"showFlares":true,"showImageEffects":true,"showParticleSystems":true},"in2DMode":false,"pivot":{"x":-22.30521011352539,"y":0.5,"z":-24.260000228881837},"rotation":{"x":-0.2992081940174103,"y":0.06420895457267761,"z":-0.020503273233771325,"w":-0.9521328806877136},"size":10.08746337890625,"orthographic":true}