{"cameraMode":{"drawMode":0,"name":"Shaded","section":"Shading Mode"},"sceneLighting":true,"audioPlay":false,"sceneViewState":{"showFog":true,"showMaterialUpdate":false,"showSkybox":false,"showFlares":true,"showImageEffects":true,"showParticleSystems":true},"in2DMode":false,"pivot":{"x":-1.099853515625,"y":3.96240234375,"z":2.142578125},"rotation":{"x":-0.19588534533977509,"y":-0.09016379714012146,"z":0.01810584031045437,"w":-0.9763712286949158},"size":8.221585273742676,"orthographic":true}