{"cameraMode":{"drawMode":0,"name":"Shaded","section":"Shading Mode"},"sceneLighting":false,"audioPlay":false,"sceneViewState":{"showFog":true,"showMaterialUpdate":false,"showSkybox":false,"showFlares":true,"showImageEffects":true,"showParticleSystems":true},"in2DMode":false,"pivot":{"x":-0.550000011920929,"y":0.0,"z":5.500000953674316},"rotation":{"x":-0.2739415466785431,"y":-0.013542337343096733,"z":0.003884788602590561,"w":-0.9617114663124085},"size":6.021007537841797,"orthographic":true}